TransactionID,TransactionDate,Amount,TransactionType,IsFraud
1,2025-08-10,2959.63,Withdrawal,0
2,2025-08-20,2676.74,Payment,0
3,2025-08-23,1114.33,Purchase,0
4,2025-08-09,2766.59,Payment,0
5,2025-08-11,3686.76,Purchase,0
6,2025-08-23,562.22,Purchase,0
7,2025-08-29,3641.83,Payment,0
8,2025-08-02,1470.69,Payment,0
9,2025-08-05,4366.49,Payment,0
10,2025-08-17,3089.72,Purchase,0
11,2025-08-25,3690.93,Payment,0
12,2025-08-04,1472.57,Withdrawal,0
13,2025-08-29,2156.08,Payment,0
14,2025-08-29,1589.78,Payment,0
15,2025-08-22,4805.25,Withdrawal,0
16,2025-08-24,3140.67,Withdrawal,1
17,2025-08-09,1752.1,Payment,0
18,2025-08-16,261.66,Purchase,0
19,2025-08-31,3209.23,Purchase,0
20,2025-08-09,325.52,Withdrawal,0
21,2025-08-25,2498.19,Withdrawal,0
22,2025-08-04,1081.98,Withdrawal,0
23,2025-08-25,2778.27,Withdrawal,0
24,2025-08-28,511.21,Payment,0
25,2025-08-23,4656.95,Withdrawal,0
26,2025-08-09,677.0,Withdrawal,0
27,2025-08-26,2658.02,Withdrawal,0
28,2025-08-18,2961.0,Withdrawal,0
29,2025-08-29,598.29,Payment,0
30,2025-08-04,3155.95,Purchase,0
31,2025-08-15,4901.82,Purchase,0
32,2025-08-18,4425.23,Purchase,0
33,2025-08-06,4122.73,Payment,0
34,2025-08-02,3028.2,Payment,0
35,2025-08-18,3569.57,Payment,0
36,2025-08-14,648.79,Withdrawal,0
37,2025-08-27,1528.04,Purchase,0
38,2025-08-17,867.29,Purchase,0
39,2025-08-06,4460.02,Purchase,0
40,2025-08-26,3199.92,Withdrawal,1
41,2025-08-12,2951.53,Withdrawal,0
42,2025-08-07,3778.73,Payment,0
43,2025-08-11,2010.38,Payment,0
44,2025-08-29,3152.45,Payment,0
45,2025-08-14,3394.42,Withdrawal,0
46,2025-08-31,4911.11,Withdrawal,0
47,2025-08-24,3059.55,Purchase,0
48,2025-08-13,799.2,Payment,1
49,2025-08-17,4888.74,Withdrawal,0
50,2025-08-21,2364.92,Purchase,0
51,2025-08-06,4325.89,Purchase,0
52,2025-08-20,2885.56,Payment,0
53,2025-08-31,3139.88,Purchase,0
54,2025-08-11,2634.5,Purchase,0
55,2025-08-12,2833.98,Payment,0
56,2025-08-07,1022.6,Purchase,0
57,2025-08-11,1906.57,Withdrawal,0
58,2025-08-09,1700.0,Payment,0
59,2025-08-20,3493.68,Purchase,0
60,2025-08-25,3719.39,Purchase,0
61,2025-08-25,3203.51,Payment,0
62,2025-08-28,3047.53,Purchase,0
63,2025-08-10,1797.82,Withdrawal,0
64,2025-08-31,4285.61,Withdrawal,0
65,2025-08-30,1438.09,Payment,0
66,2025-08-26,1304.43,Payment,0
67,2025-08-15,372.26,Purchase,0
68,2025-08-22,1410.6,Payment,1
69,2025-08-13,3552.09,Payment,1
70,2025-08-17,2068.16,Payment,0
71,2025-08-24,2077.2,Withdrawal,0
72,2025-08-09,2313.58,Payment,0
73,2025-08-29,2174.14,Payment,0
74,2025-08-06,1782.38,Withdrawal,0
75,2025-08-03,1596.75,Withdrawal,0
76,2025-08-07,436.85,Payment,0
77,2025-08-08,4339.51,Withdrawal,0
78,2025-08-12,111.77,Withdrawal,0
79,2025-08-05,2462.06,Withdrawal,0
80,2025-08-15,4295.73,Payment,0
81,2025-08-12,4730.31,Payment,0
82,2025-08-27,3851.05,Purchase,0
83,2025-08-07,1035.92,Purchase,0
84,2025-08-18,2368.24,Payment,0
85,2025-08-20,4462.66,Purchase,1
86,2025-08-06,4574.22,Withdrawal,0
87,2025-08-26,527.23,Payment,0
88,2025-08-12,331.13,Purchase,0
89,2025-08-26,3894.53,Payment,0
90,2025-08-04,4301.56,Payment,0
91,2025-08-24,1538.53,Withdrawal,0
92,2025-08-04,690.61,Purchase,0
93,2025-08-30,1038.18,Purchase,0
94,2025-08-25,4727.98,Withdrawal,0
95,2025-08-20,717.0,Payment,0
96,2025-08-22,1337.13,Payment,0
97,2025-08-19,3619.79,Withdrawal,0
98,2025-08-03,3578.65,Payment,0
99,2025-08-14,2258.61,Purchase,0
100,2025-08-08,4496.92,Payment,0
101,2025-08-03,1700.7,Withdrawal,0
102,2025-08-02,3518.18,Payment,0
103,2025-08-24,3589.86,Purchase,0
104,2025-08-27,4197.33,Withdrawal,0
105,2025-08-05,588.72,Payment,0
106,2025-08-03,4457.71,Withdrawal,1
107,2025-08-09,3699.92,Payment,0
108,2025-08-09,3643.53,Withdrawal,0
109,2025-08-03,4971.72,Purchase,0
110,2025-08-01,2181.4,Purchase,0
111,2025-08-29,675.19,Payment,0
112,2025-08-29,2024.45,Payment,0
113,2025-08-13,4702.5,Withdrawal,0
114,2025-08-17,4592.68,Purchase,0
115,2025-08-14,3346.16,Payment,0
116,2025-08-27,719.43,Withdrawal,0
117,2025-08-22,1882.5,Payment,0
118,2025-08-17,587.13,Purchase,0
119,2025-08-01,2777.05,Withdrawal,0
120,2025-08-18,4490.63,Payment,0
121,2025-08-22,438.6,Withdrawal,0
122,2025-08-17,2717.64,Payment,1
123,2025-08-30,2325.4,Purchase,0
124,2025-08-09,4154.82,Withdrawal,0
125,2025-08-20,50.48,Payment,0
126,2025-08-05,1166.15,Purchase,0
127,2025-08-12,626.01,Purchase,0
128,2025-08-20,3961.98,Payment,0
129,2025-08-18,2417.27,Withdrawal,0
130,2025-08-17,4521.74,Purchase,0
131,2025-08-28,1799.01,Payment,0
132,2025-08-05,4484.02,Withdrawal,0
133,2025-08-24,136.45,Payment,0
134,2025-08-26,1301.28,Payment,0
135,2025-08-17,1094.11,Payment,0
136,2025-08-29,2173.61,Withdrawal,0
137,2025-08-16,4460.54,Purchase,0
138,2025-08-03,207.6,Purchase,0
139,2025-08-15,2503.8,Payment,0
140,2025-08-03,928.34,Payment,0
141,2025-08-09,2330.27,Withdrawal,0
142,2025-08-08,4484.74,Purchase,0
143,2025-08-02,634.26,Purchase,0
144,2025-08-27,1786.48,Purchase,0
145,2025-08-29,4302.33,Purchase,0
146,2025-08-25,4320.63,Payment,0
147,2025-08-23,2304.0,Payment,0
148,2025-08-04,1499.85,Payment,0
149,2025-08-29,3990.54,Purchase,0
150,2025-08-12,2360.42,Withdrawal,0
151,2025-08-06,2813.79,Withdrawal,0
152,2025-08-19,2285.25,Purchase,0
153,2025-08-30,1212.72,Purchase,0
154,2025-08-22,3314.72,Payment,0
155,2025-08-31,2696.36,Purchase,0
156,2025-08-21,3817.68,Purchase,0
157,2025-08-01,580.33,Withdrawal,0
158,2025-08-07,162.44,Purchase,0
159,2025-08-21,4138.87,Purchase,0
160,2025-08-04,96.48,Payment,0
161,2025-08-31,159.12,Withdrawal,0
162,2025-08-14,3268.43,Purchase,0
163,2025-08-13,4092.76,Purchase,0
164,2025-08-23,3172.15,Purchase,0
165,2025-08-12,4468.31,Purchase,0
166,2025-08-11,1002.28,Payment,0
167,2025-08-28,1852.59,Purchase,0
168,2025-08-01,885.5,Withdrawal,0
169,2025-08-17,2317.92,Purchase,1
170,2025-08-11,1101.16,Withdrawal,0
171,2025-08-16,3897.8,Payment,0
172,2025-08-29,3830.03,Purchase,0
173,2025-08-30,4043.41,Withdrawal,0
174,2025-08-25,3024.3,Purchase,0
175,2025-08-27,4752.17,Payment,0
176,2025-08-17,3564.53,Payment,0
177,2025-08-17,1853.65,Payment,0
178,2025-08-16,4780.0,Withdrawal,0
179,2025-08-09,3964.99,Purchase,0
180,2025-08-30,3935.03,Withdrawal,0
181,2025-08-19,3791.34,Purchase,0
182,2025-08-23,2808.39,Withdrawal,0
183,2025-08-26,3802.26,Withdrawal,0
184,2025-08-01,3709.08,Purchase,0
185,2025-08-01,1792.1,Payment,0
186,2025-08-08,2624.14,Withdrawal,0
187,2025-08-02,2298.14,Payment,0
188,2025-08-29,1013.16,Payment,0
189,2025-08-27,4424.04,Payment,0
190,2025-08-22,4155.16,Purchase,0
191,2025-08-28,3395.04,Payment,0
192,2025-08-29,845.57,Purchase,1
193,2025-08-24,3010.62,Withdrawal,0
194,2025-08-18,4165.88,Payment,0
195,2025-08-01,607.26,Withdrawal,0
196,2025-08-06,2809.67,Payment,0
197,2025-08-05,3239.7,Payment,0
198,2025-08-08,147.82,Payment,0
199,2025-08-14,1297.0,Purchase,0
200,2025-08-14,2656.54,Withdrawal,0
201,2025-08-22,1288.99,Payment,0
202,2025-08-02,3710.96,Payment,0
203,2025-08-05,2049.55,Withdrawal,0
204,2025-08-23,2109.11,Payment,0
205,2025-08-23,697.03,Withdrawal,0
206,2025-08-09,329.76,Purchase,0
207,2025-08-24,2292.91,Purchase,0
208,2025-08-18,1974.16,Purchase,0
209,2025-08-25,4723.6,Purchase,0
210,2025-08-29,1440.44,Withdrawal,0
211,2025-08-04,1131.52,Payment,0
212,2025-08-24,1008.81,Withdrawal,0
213,2025-08-21,483.48,Payment,0
214,2025-08-27,2823.59,Payment,0
215,2025-08-23,1906.92,Withdrawal,0
216,2025-08-09,3159.66,Purchase,0
217,2025-08-31,501.8,Purchase,0
218,2025-08-28,2503.45,Withdrawal,0
219,2025-08-31,3500.77,Payment,0
220,2025-08-19,847.14,Purchase,0
221,2025-08-04,2692.61,Payment,0
222,2025-08-14,1441.12,Purchase,0
223,2025-08-26,4917.97,Payment,0
224,2025-08-19,2854.64,Withdrawal,0
225,2025-08-08,1471.42,Payment,0
226,2025-08-11,3075.88,Purchase,0
227,2025-08-12,17.72,Purchase,1
228,2025-08-31,4475.84,Payment,0
229,2025-08-10,1920.16,Payment,0
230,2025-08-20,1145.22,Payment,0
231,2025-08-28,766.09,Purchase,0
232,2025-08-22,146.05,Purchase,0
233,2025-08-14,929.24,Purchase,1
234,2025-08-29,1084.59,Withdrawal,0
235,2025-08-13,1566.52,Withdrawal,0
236,2025-08-20,646.38,Purchase,0
237,2025-08-19,1030.46,Purchase,0
238,2025-08-24,2613.4,Purchase,0
239,2025-08-03,1610.11,Purchase,0
240,2025-08-01,3477.08,Withdrawal,0
241,2025-08-29,1024.93,Purchase,0
242,2025-08-24,947.28,Payment,0
243,2025-08-06,3320.47,Withdrawal,0
244,2025-08-13,1811.87,Purchase,0
245,2025-08-13,817.52,Purchase,0
246,2025-08-22,4304.58,Purchase,0
247,2025-08-04,3870.79,Payment,0
248,2025-08-01,1076.23,Withdrawal,0
249,2025-08-30,836.0,Purchase,0
250,2025-08-26,3097.98,Purchase,0
251,2025-08-24,479.24,Payment,0
252,2025-08-26,2326.54,Withdrawal,0
253,2025-08-13,2416.19,Payment,0
254,2025-08-08,2438.93,Purchase,0
255,2025-08-11,2490.85,Payment,1
256,2025-08-02,2810.16,Withdrawal,0
257,2025-08-09,4381.7,Payment,0
258,2025-08-10,4114.77,Withdrawal,0
259,2025-08-30,1908.71,Withdrawal,0
260,2025-08-25,1006.83,Withdrawal,0
261,2025-08-29,4622.56,Withdrawal,0
262,2025-08-01,124.63,Payment,0
263,2025-08-09,617.66,Withdrawal,0
264,2025-08-21,3203.35,Payment,0
265,2025-08-27,88.94,Withdrawal,0
266,2025-08-07,1929.67,Withdrawal,0
267,2025-08-10,1437.1,Payment,0
268,2025-08-17,4089.0,Withdrawal,0
269,2025-08-17,4084.83,Withdrawal,0
270,2025-08-07,3651.48,Purchase,0
271,2025-08-15,4510.12,Purchase,0
272,2025-08-10,2117.44,Withdrawal,0
273,2025-08-10,1059.55,Payment,0
274,2025-08-22,3821.28,Withdrawal,0
275,2025-08-08,2933.34,Purchase,0
276,2025-08-13,3615.51,Purchase,0
277,2025-08-20,3254.51,Withdrawal,0
278,2025-08-28,3616.35,Withdrawal,0
279,2025-08-24,1959.6,Payment,0
280,2025-08-26,1576.1,Purchase,0
281,2025-08-29,3107.92,Purchase,0
282,2025-08-18,1609.8,Withdrawal,0
283,2025-08-24,49.45,Payment,0
284,2025-08-14,1527.42,Payment,0
285,2025-08-18,3498.35,Purchase,0
286,2025-08-12,3014.03,Payment,0
287,2025-08-01,3430.43,Withdrawal,0
288,2025-08-19,2352.34,Purchase,1
289,2025-08-02,647.89,Purchase,0
290,2025-08-12,1686.31,Payment,0
291,2025-08-25,3663.48,Withdrawal,1
292,2025-08-25,197.44,Payment,0
293,2025-08-11,854.37,Purchase,0
294,2025-08-17,3256.11,Payment,0
295,2025-08-03,258.82,Payment,0
296,2025-08-16,1285.32,Purchase,0
297,2025-08-28,4356.6,Withdrawal,0
298,2025-08-25,1370.37,Payment,0
299,2025-08-01,2497.91,Withdrawal,0
300,2025-08-06,632.01,Withdrawal,1
301,2025-08-21,3006.71,Withdrawal,0
302,2025-08-25,732.57,Purchase,0
303,2025-08-29,1352.29,Withdrawal,0
304,2025-08-28,1424.04,Purchase,0
305,2025-08-01,4413.43,Payment,0
306,2025-08-18,2053.61,Purchase,0
307,2025-08-15,4984.41,Purchase,0
308,2025-08-31,4090.7,Payment,0
309,2025-08-09,821.18,Payment,0
310,2025-08-21,4005.04,Payment,1
311,2025-08-29,2672.93,Payment,0
312,2025-08-09,1867.14,Purchase,0
313,2025-08-15,2556.19,Withdrawal,0
314,2025-08-20,1504.41,Purchase,0
315,2025-08-19,2217.78,Withdrawal,0
316,2025-08-15,1629.6,Purchase,0
317,2025-08-16,1256.57,Purchase,0
318,2025-08-04,775.31,Withdrawal,0
319,2025-08-07,640.26,Withdrawal,1
320,2025-08-19,384.26,Payment,0
321,2025-08-25,4650.92,Withdrawal,0
322,2025-08-25,4689.71,Payment,0
323,2025-08-16,504.25,Payment,1
324,2025-08-14,3.55,Withdrawal,0
325,2025-08-31,4539.43,Withdrawal,0
326,2025-08-07,4106.09,Purchase,0
327,2025-08-11,2224.89,Purchase,1
328,2025-08-16,4348.44,Payment,0
329,2025-08-13,929.48,Purchase,0
330,2025-08-31,1985.75,Payment,0
331,2025-08-26,3035.7,Purchase,0
332,2025-08-23,2522.41,Payment,0
333,2025-08-31,351.0,Payment,0
334,2025-08-24,2886.13,Withdrawal,0
335,2025-08-07,1544.17,Withdrawal,0
336,2025-08-07,2020.49,Payment,0
337,2025-08-11,2144.67,Withdrawal,0
338,2025-08-24,4984.24,Payment,0
339,2025-08-01,3929.76,Purchase,0
340,2025-08-05,3485.47,Payment,0
341,2025-08-11,2342.82,Withdrawal,0
342,2025-08-02,939.22,Payment,1
343,2025-08-07,4902.03,Withdrawal,0
344,2025-08-01,2563.0,Withdrawal,0
345,2025-08-01,340.84,Purchase,0
346,2025-08-13,1187.33,Payment,0
347,2025-08-03,3646.92,Payment,0
348,2025-08-28,3659.5,Purchase,0
349,2025-08-21,628.67,Withdrawal,0
350,2025-08-22,2196.43,Purchase,1
351,2025-08-05,1859.24,Purchase,0
352,2025-08-29,4928.54,Payment,0
353,2025-08-28,1251.87,Withdrawal,0
354,2025-08-06,4094.92,Purchase,0
355,2025-08-23,3597.44,Payment,0
356,2025-08-07,2556.47,Payment,0
357,2025-08-09,359.83,Withdrawal,0
358,2025-08-17,1046.24,Purchase,0
359,2025-08-04,2103.25,Payment,0
360,2025-08-30,4317.04,Withdrawal,0
361,2025-08-21,4005.46,Payment,0
362,2025-08-29,3958.46,Purchase,0
363,2025-08-24,3774.22,Payment,0
364,2025-08-31,1898.84,Payment,0
365,2025-08-08,1958.9,Withdrawal,0
366,2025-08-13,3007.31,Payment,1
367,2025-08-01,2644.13,Payment,0
368,2025-08-08,2388.92,Purchase,0
369,2025-08-08,3226.86,Payment,0
370,2025-08-14,1662.6,Withdrawal,0
371,2025-08-12,3270.51,Withdrawal,0
372,2025-08-17,1469.97,Purchase,0
373,2025-08-22,514.42,Withdrawal,0
374,2025-08-10,2705.32,Payment,0
375,2025-08-18,926.96,Payment,0
376,2025-08-27,4821.34,Payment,0
377,2025-08-05,146.99,Withdrawal,0
378,2025-08-22,4333.96,Payment,1
379,2025-08-05,1427.24,Payment,0
380,2025-08-09,3225.54,Purchase,0
381,2025-08-12,1292.2,Purchase,0
382,2025-08-11,4449.62,Payment,0
383,2025-08-31,415.31,Payment,0
384,2025-08-08,2524.49,Purchase,0
385,2025-08-16,3432.87,Payment,0
386,2025-08-08,923.56,Withdrawal,0
387,2025-08-27,3814.79,Payment,0
388,2025-08-13,35.24,Purchase,0
389,2025-08-24,3959.12,Purchase,0
390,2025-08-21,3336.14,Payment,1
391,2025-08-31,827.18,Withdrawal,0
392,2025-08-14,820.75,Purchase,0
393,2025-08-05,1982.55,Withdrawal,0
394,2025-08-26,321.74,Payment,0
395,2025-08-18,1720.99,Withdrawal,0
396,2025-08-01,1629.87,Withdrawal,1
397,2025-08-27,3834.42,Withdrawal,0
398,2025-08-11,3531.18,Withdrawal,0
399,2025-08-30,2714.84,Withdrawal,0
400,2025-08-10,580.35,Purchase,0
401,2025-08-06,1717.16,Purchase,0
402,2025-08-15,684.33,Payment,0
403,2025-08-09,28.17,Purchase,0
404,2025-08-03,2112.74,Withdrawal,0
405,2025-08-12,741.31,Withdrawal,0
406,2025-08-09,3620.8,Withdrawal,0
407,2025-08-20,3827.49,Purchase,0
408,2025-08-26,27.59,Payment,0
409,2025-08-17,3660.99,Withdrawal,0
410,2025-08-30,2351.42,Purchase,0
411,2025-08-18,4145.93,Payment,0
412,2025-08-05,1885.5,Payment,0
413,2025-08-10,2254.73,Purchase,0
414,2025-08-13,1989.19,Purchase,0
415,2025-08-30,774.16,Payment,0
416,2025-08-07,1970.61,Withdrawal,0
417,2025-08-08,3153.05,Payment,0
418,2025-08-05,1765.39,Withdrawal,0
419,2025-08-02,585.88,Withdrawal,0
420,2025-08-29,2434.74,Withdrawal,0
421,2025-08-14,4994.29,Withdrawal,0
422,2025-08-18,735.61,Payment,0
423,2025-08-05,1927.02,Withdrawal,0
424,2025-08-02,121.2,Withdrawal,0
425,2025-08-21,2205.54,Payment,0
426,2025-08-28,3897.57,Payment,0
427,2025-08-01,3069.19,Withdrawal,0
428,2025-08-06,3928.61,Withdrawal,0
429,2025-08-06,3937.75,Withdrawal,0
430,2025-08-17,3034.33,Purchase,0
431,2025-08-04,948.16,Withdrawal,0
432,2025-08-11,312.61,Purchase,0
433,2025-08-03,3105.37,Withdrawal,0
434,2025-08-23,686.12,Withdrawal,0
435,2025-08-06,938.86,Payment,0
436,2025-08-23,511.47,Purchase,0
437,2025-08-15,928.29,Withdrawal,0
438,2025-08-28,1152.03,Purchase,0
439,2025-08-14,3603.39,Withdrawal,0
440,2025-08-25,1615.68,Purchase,0
441,2025-08-11,323.75,Purchase,0
442,2025-08-07,120.32,Purchase,0
443,2025-08-11,1849.03,Withdrawal,0
444,2025-08-13,2698.7,Withdrawal,0
445,2025-08-28,3849.89,Withdrawal,0
446,2025-08-18,1497.81,Payment,0
447,2025-08-25,3510.71,Purchase,0
448,2025-08-10,4555.3,Purchase,0
449,2025-08-08,2465.28,Withdrawal,1
450,2025-08-30,3209.3,Withdrawal,0
451,2025-08-21,4510.58,Purchase,0
452,2025-08-15,1487.14,Purchase,0
453,2025-08-14,2315.25,Purchase,0
454,2025-08-14,4577.11,Purchase,0
455,2025-08-22,2510.79,Withdrawal,0
456,2025-08-17,950.08,Withdrawal,0
457,2025-08-11,2588.01,Purchase,0
458,2025-08-27,1828.08,Payment,0
459,2025-08-12,702.44,Withdrawal,0
460,2025-08-02,63.43,Purchase,0
461,2025-08-13,2766.59,Payment,0
462,2025-08-02,836.4,Payment,0
463,2025-08-28,485.76,Payment,0
464,2025-08-30,3144.87,Withdrawal,0
465,2025-08-03,150.37,Purchase,1
466,2025-08-19,1727.21,Withdrawal,0
467,2025-08-26,3142.34,Withdrawal,0
468,2025-08-07,806.27,Withdrawal,0
469,2025-08-18,3060.38,Withdrawal,0
470,2025-08-09,4420.13,Purchase,0
471,2025-08-25,530.48,Payment,0
472,2025-08-23,4930.81,Payment,0
473,2025-08-28,4955.68,Purchase,0
474,2025-08-27,2943.7,Purchase,0
475,2025-08-18,3892.09,Withdrawal,0
476,2025-08-26,1742.75,Purchase,0
477,2025-08-29,679.5,Payment,0
478,2025-08-12,3849.41,Payment,0
479,2025-08-25,824.15,Withdrawal,0
480,2025-08-25,2000.37,Payment,0
481,2025-08-21,3047.85,Purchase,0
482,2025-08-06,4072.68,Purchase,1
483,2025-08-07,2433.56,Withdrawal,0
484,2025-08-07,2464.18,Payment,0
485,2025-08-28,4241.53,Purchase,0
486,2025-08-16,927.65,Payment,0
487,2025-08-25,958.57,Withdrawal,0
488,2025-08-19,328.33,Payment,0
489,2025-08-11,2086.76,Purchase,0
490,2025-08-20,2670.2,Payment,0
491,2025-08-24,3080.08,Withdrawal,0
492,2025-08-21,566.93,Withdrawal,0
493,2025-08-14,2996.05,Withdrawal,1
494,2025-08-28,1246.72,Purchase,0
495,2025-08-12,2587.07,Purchase,0
496,2025-08-29,568.48,Payment,0
497,2025-08-01,986.73,Purchase,0
498,2025-08-22,2542.09,Payment,0
499,2025-08-20,1670.82,Withdrawal,0
500,2025-08-17,1660.03,Payment,0
501,2025-08-27,4960.88,Payment,0
502,2025-08-25,3349.18,Purchase,1
503,2025-08-01,1950.03,Purchase,0
504,2025-08-17,3822.93,Purchase,0
505,2025-08-07,1886.35,Purchase,0
506,2025-08-28,1860.21,Payment,0
507,2025-08-16,1489.48,Purchase,0
508,2025-08-29,538.99,Withdrawal,0
509,2025-08-04,2921.07,Payment,0
510,2025-08-25,4815.16,Withdrawal,0
511,2025-08-24,2424.54,Purchase,0
512,2025-08-26,2942.18,Withdrawal,0
513,2025-08-30,3537.63,Purchase,0
514,2025-08-04,742.42,Payment,0
515,2025-08-05,4100.39,Payment,0
516,2025-08-01,4092.93,Purchase,0
517,2025-08-15,3037.23,Withdrawal,0
518,2025-08-26,335.99,Withdrawal,0
519,2025-08-01,3929.24,Purchase,0
520,2025-08-05,3535.05,Payment,0
521,2025-08-11,2720.85,Payment,1
522,2025-08-10,2875.0,Payment,0
523,2025-08-26,2309.94,Withdrawal,0
524,2025-08-01,1753.85,Withdrawal,0
525,2025-08-29,3840.31,Payment,0
526,2025-08-15,1926.49,Payment,1
527,2025-08-25,1914.59,Payment,1
528,2025-08-10,1007.02,Purchase,0
529,2025-08-31,4937.99,Payment,0
530,2025-08-08,1875.52,Purchase,0
531,2025-08-17,4213.91,Purchase,0
532,2025-08-31,3829.62,Purchase,0
533,2025-08-13,4814.1,Withdrawal,0
534,2025-08-09,1629.13,Purchase,0
535,2025-08-25,1166.38,Withdrawal,0
536,2025-08-26,3330.27,Purchase,0
537,2025-08-10,3493.53,Purchase,0
538,2025-08-19,4952.78,Withdrawal,0
539,2025-08-13,616.95,Withdrawal,0
540,2025-08-24,1134.97,Payment,0
541,2025-08-04,1923.93,Payment,0
542,2025-08-26,3698.15,Payment,0
543,2025-08-30,3492.89,Withdrawal,0
544,2025-08-11,4291.77,Payment,0
545,2025-08-21,2749.56,Payment,0
546,2025-08-04,2546.9,Withdrawal,0
547,2025-08-03,3758.08,Purchase,0
548,2025-08-31,2473.13,Purchase,0
549,2025-08-31,368.73,Payment,0
550,2025-08-23,4789.66,Payment,0
551,2025-08-23,4405.52,Payment,0
552,2025-08-30,2971.23,Payment,0
553,2025-08-12,1294.27,Withdrawal,1
554,2025-08-22,682.02,Purchase,0
555,2025-08-31,3935.7,Withdrawal,0
556,2025-08-22,1572.51,Purchase,0
557,2025-08-28,1340.77,Purchase,0
558,2025-08-19,280.68,Payment,0
559,2025-08-21,1154.33,Payment,0
560,2025-08-17,686.17,Withdrawal,0
561,2025-08-27,4865.74,Payment,0
562,2025-08-13,1916.18,Purchase,0
563,2025-08-01,1911.73,Withdrawal,0
564,2025-08-13,4507.01,Payment,0
565,2025-08-28,4456.95,Purchase,0
566,2025-08-25,552.63,Purchase,0
567,2025-08-22,2639.07,Purchase,0
568,2025-08-28,2546.61,Purchase,1
569,2025-08-03,4942.13,Payment,0
570,2025-08-11,552.73,Payment,0
571,2025-08-09,470.59,Purchase,0
572,2025-08-06,4658.8,Withdrawal,0
573,2025-08-14,2930.99,Purchase,0
574,2025-08-28,3232.67,Purchase,0
575,2025-08-21,4738.11,Payment,0
576,2025-08-27,3997.9,Payment,0
577,2025-08-29,1864.95,Payment,0
578,2025-08-02,2452.19,Withdrawal,0
579,2025-08-13,371.34,Payment,0
580,2025-08-28,1820.24,Purchase,0
581,2025-08-04,4490.91,Payment,0
582,2025-08-24,4672.87,Withdrawal,0
583,2025-08-16,635.69,Payment,1
584,2025-08-04,1690.63,Payment,0
585,2025-08-12,3139.29,Purchase,1
586,2025-08-15,3877.95,Purchase,0
587,2025-08-27,3101.21,Purchase,0
588,2025-08-16,3404.81,Withdrawal,0
589,2025-08-20,288.57,Payment,0
590,2025-08-22,2568.32,Withdrawal,0
591,2025-08-30,1751.14,Purchase,0
592,2025-08-29,971.72,Payment,0
593,2025-08-19,3660.41,Purchase,0
594,2025-08-04,468.29,Purchase,0
595,2025-08-07,3042.71,Purchase,0
596,2025-08-02,1459.69,Payment,0
597,2025-08-16,4005.5,Purchase,0
598,2025-08-07,1624.51,Purchase,0
599,2025-08-01,2098.39,Withdrawal,0
600,2025-08-24,3380.64,Purchase,0
601,2025-08-14,4706.24,Purchase,0
602,2025-08-10,2634.1,Withdrawal,0
603,2025-08-13,4703.63,Purchase,0
604,2025-08-09,4949.21,Purchase,1
605,2025-08-07,720.13,Withdrawal,0
606,2025-08-09,3773.81,Purchase,0
607,2025-08-21,1826.56,Payment,0
608,2025-08-02,2093.61,Purchase,0
609,2025-08-13,828.21,Payment,0
610,2025-08-08,4203.73,Purchase,0
611,2025-08-01,984.41,Withdrawal,0
612,2025-08-11,4386.07,Purchase,0
613,2025-08-11,2676.43,Withdrawal,0
614,2025-08-20,4239.64,Purchase,0
615,2025-08-01,1806.88,Withdrawal,0
616,2025-08-04,2458.99,Purchase,0
617,2025-08-23,3423.62,Purchase,1
618,2025-08-21,1649.88,Purchase,0
619,2025-08-02,4581.59,Purchase,0
620,2025-08-25,2059.33,Payment,0
621,2025-08-31,1203.49,Purchase,0
622,2025-08-09,3788.34,Payment,0
623,2025-08-30,1253.82,Withdrawal,0
624,2025-08-12,4521.88,Payment,0
625,2025-08-17,2470.06,Payment,0
626,2025-08-18,3106.31,Payment,0
627,2025-08-18,162.85,Payment,0
628,2025-08-22,2224.02,Payment,0
629,2025-08-29,3546.67,Payment,0
630,2025-08-19,1427.63,Payment,0
631,2025-08-09,2186.22,Withdrawal,0
632,2025-08-25,1753.48,Purchase,0
633,2025-08-03,2598.49,Withdrawal,0
634,2025-08-30,3615.0,Payment,0
635,2025-08-13,3728.94,Withdrawal,0
636,2025-08-21,4330.34,Withdrawal,0
637,2025-08-18,2768.63,Purchase,0
638,2025-08-01,4023.72,Purchase,0
639,2025-08-20,1000.77,Withdrawal,0
640,2025-08-16,2085.01,Purchase,0
641,2025-08-26,2376.05,Purchase,0
642,2025-08-08,4193.16,Payment,0
643,2025-08-01,346.88,Payment,0
644,2025-08-20,4098.74,Purchase,0
645,2025-08-06,165.26,Withdrawal,0
646,2025-08-19,4405.19,Payment,0
647,2025-08-21,3313.97,Payment,0
648,2025-08-11,2086.62,Purchase,0
649,2025-08-31,4704.72,Purchase,0
650,2025-08-15,94.96,Purchase,0
651,2025-08-20,4383.11,Purchase,0
652,2025-08-31,308.04,Payment,0
653,2025-08-19,4356.68,Purchase,0
654,2025-08-12,8.07,Purchase,0
655,2025-08-30,1610.63,Withdrawal,0
656,2025-08-14,4594.1,Withdrawal,0
657,2025-08-03,448.23,Withdrawal,0
658,2025-08-06,3842.76,Payment,0
659,2025-08-21,1638.54,Payment,0
660,2025-08-03,38.23,Withdrawal,0
661,2025-08-27,68.01,Payment,0
662,2025-08-22,1837.41,Payment,0
663,2025-08-08,1915.71,Payment,0
664,2025-08-12,2121.22,Withdrawal,0
665,2025-08-13,2136.37,Withdrawal,0
666,2025-08-17,4324.92,Withdrawal,0
667,2025-08-24,958.32,Purchase,0
668,2025-08-07,3439.59,Purchase,0
669,2025-08-19,3713.07,Purchase,0
670,2025-08-17,4513.23,Purchase,0
671,2025-08-01,4715.06,Withdrawal,0
672,2025-08-16,3782.48,Withdrawal,0
673,2025-08-04,4141.02,Withdrawal,0
674,2025-08-04,4683.86,Payment,0
675,2025-08-15,4438.67,Payment,0
676,2025-08-07,3900.42,Withdrawal,0
677,2025-08-06,2611.2,Withdrawal,0
678,2025-08-19,4237.46,Withdrawal,0
679,2025-08-11,561.16,Purchase,0
680,2025-08-08,1611.74,Purchase,0
681,2025-08-11,4155.57,Payment,0
682,2025-08-07,4698.66,Withdrawal,0
683,2025-08-10,287.85,Withdrawal,0
684,2025-08-07,4408.04,Withdrawal,0
685,2025-08-19,1411.73,Purchase,0
686,2025-08-28,3757.77,Payment,0
687,2025-08-18,3748.02,Purchase,0
688,2025-08-06,218.5,Withdrawal,0
689,2025-08-11,2274.75,Payment,0
690,2025-08-30,4328.14,Withdrawal,0
691,2025-08-23,3273.91,Payment,0
692,2025-08-11,4331.9,Payment,0
693,2025-08-11,3290.72,Withdrawal,0
694,2025-08-02,1352.02,Withdrawal,0
695,2025-08-26,4319.79,Purchase,0
696,2025-08-12,3206.99,Payment,0
697,2025-08-26,3996.71,Payment,0
698,2025-08-02,3041.72,Payment,1
699,2025-08-16,2795.02,Payment,0
700,2025-08-09,2872.18,Payment,0
701,2025-08-22,2776.82,Withdrawal,0
702,2025-08-22,4014.76,Purchase,0
703,2025-08-20,2625.05,Withdrawal,0
704,2025-08-17,89.18,Payment,0
705,2025-08-02,1827.23,Withdrawal,0
706,2025-08-31,1467.76,Withdrawal,0
707,2025-08-02,3153.79,Payment,0
708,2025-08-21,458.0,Withdrawal,0
709,2025-08-01,3604.25,Purchase,0
710,2025-08-05,1261.13,Purchase,0
711,2025-08-26,2326.81,Purchase,0
712,2025-08-21,3091.37,Payment,0
713,2025-08-08,1218.87,Payment,0
714,2025-08-10,2620.96,Purchase,0
715,2025-08-24,3430.6,Withdrawal,0
716,2025-08-10,4150.46,Payment,0
717,2025-08-23,3098.81,Payment,0
718,2025-08-28,4010.25,Purchase,0
719,2025-08-16,3947.83,Withdrawal,0
720,2025-08-08,3265.59,Withdrawal,0
721,2025-08-24,2857.11,Purchase,0
722,2025-08-03,4111.15,Purchase,0
723,2025-08-23,3007.03,Payment,0
724,2025-08-16,3397.07,Withdrawal,0
725,2025-08-20,2415.34,Purchase,0
726,2025-08-15,3674.88,Withdrawal,0
727,2025-08-21,833.87,Purchase,0
728,2025-08-31,2826.36,Purchase,0
729,2025-08-14,3586.14,Payment,0
730,2025-08-10,2350.23,Purchase,0
731,2025-08-05,1273.83,Payment,0
732,2025-08-18,2030.88,Purchase,0
733,2025-08-12,1432.58,Payment,0
734,2025-08-14,3232.56,Withdrawal,0
735,2025-08-26,1566.33,Payment,0
736,2025-08-02,1522.47,Purchase,0
737,2025-08-13,3011.71,Payment,0
738,2025-08-10,1089.49,Withdrawal,0
739,2025-08-07,1186.35,Payment,0
740,2025-08-21,3177.59,Withdrawal,0
741,2025-08-10,1086.84,Purchase,0
742,2025-08-31,862.37,Payment,0
743,2025-08-23,4005.23,Payment,0
744,2025-08-21,913.37,Purchase,0
745,2025-08-06,3981.01,Payment,0
746,2025-08-12,2146.1,Withdrawal,0
747,2025-08-18,2676.75,Purchase,0
748,2025-08-08,942.65,Payment,0
749,2025-08-03,1795.16,Purchase,0
750,2025-08-07,1700.77,Purchase,0
751,2025-08-20,2617.17,Payment,0
752,2025-08-20,341.11,Withdrawal,0
753,2025-08-22,3811.74,Payment,0
754,2025-08-12,4597.27,Purchase,0
755,2025-08-27,4863.65,Payment,0
756,2025-08-18,1215.67,Purchase,0
757,2025-08-15,3376.1,Payment,0
758,2025-08-05,386.77,Purchase,0
759,2025-08-29,3252.7,Withdrawal,0
760,2025-08-18,665.0,Withdrawal,0
761,2025-08-08,281.68,Payment,0
762,2025-08-01,3743.14,Payment,0
763,2025-08-11,621.66,Purchase,0
764,2025-08-25,4675.2,Withdrawal,0
765,2025-08-05,2696.33,Payment,0
766,2025-08-12,2792.86,Purchase,0
767,2025-08-27,2847.82,Payment,0
768,2025-08-09,1670.08,Payment,0
769,2025-08-10,2441.7,Purchase,0
770,2025-08-17,1920.31,Purchase,0
771,2025-08-26,152.59,Withdrawal,0
772,2025-08-08,995.76,Purchase,0
773,2025-08-18,298.89,Payment,0
774,2025-08-20,4175.56,Withdrawal,0
775,2025-08-01,3235.01,Withdrawal,0
776,2025-08-08,295.63,Payment,0
777,2025-08-13,3110.16,Withdrawal,0
778,2025-08-04,99.62,Payment,0
779,2025-08-20,1152.23,Purchase,0
780,2025-08-28,2863.7,Purchase,0
781,2025-08-19,185.78,Payment,0
782,2025-08-26,2678.23,Payment,0
783,2025-08-16,799.89,Payment,0
784,2025-08-29,609.98,Purchase,0
785,2025-08-09,4912.52,Payment,0
786,2025-08-23,4769.38,Payment,0
787,2025-08-06,4834.27,Payment,0
788,2025-08-06,934.02,Purchase,1
789,2025-08-29,368.18,Payment,0
790,2025-08-19,3367.03,Payment,0
791,2025-08-13,434.44,Purchase,0
792,2025-08-26,697.37,Payment,1
793,2025-08-24,4413.83,Payment,0
794,2025-08-22,3584.03,Withdrawal,1
795,2025-08-29,2117.29,Purchase,0
796,2025-08-15,4176.72,Withdrawal,0
797,2025-08-18,3909.03,Purchase,0
798,2025-08-17,2845.2,Payment,0
799,2025-08-10,4729.63,Withdrawal,0
800,2025-08-30,2200.9,Payment,0
801,2025-08-13,1801.91,Withdrawal,0
802,2025-08-05,3635.68,Payment,0
803,2025-08-03,1529.89,Payment,0
804,2025-08-31,1853.48,Purchase,0
805,2025-08-21,2466.85,Payment,0
806,2025-08-03,1556.99,Purchase,0
807,2025-08-10,1220.98,Withdrawal,0
808,2025-08-07,832.53,Payment,0
809,2025-08-02,1422.91,Payment,0
810,2025-08-14,4447.42,Withdrawal,0
811,2025-08-30,3011.61,Withdrawal,0
812,2025-08-15,2259.06,Payment,0
813,2025-08-17,4078.29,Payment,0
814,2025-08-19,256.54,Withdrawal,0
815,2025-08-13,33.89,Purchase,0
816,2025-08-23,2621.07,Withdrawal,0
817,2025-08-13,2706.57,Purchase,0
818,2025-08-23,1706.21,Purchase,0
819,2025-08-09,3389.85,Purchase,0
820,2025-08-16,2970.71,Withdrawal,0
821,2025-08-24,2572.0,Withdrawal,1
822,2025-08-24,883.15,Payment,0
823,2025-08-22,59.9,Payment,0
824,2025-08-07,3918.25,Payment,1
825,2025-08-17,4481.34,Payment,0
826,2025-08-16,1823.16,Payment,0
827,2025-08-27,2674.94,Purchase,0
828,2025-08-26,960.8,Withdrawal,0
829,2025-08-26,403.72,Purchase,0
830,2025-08-05,634.31,Purchase,0
831,2025-08-15,4245.72,Payment,0
832,2025-08-09,1354.0,Withdrawal,0
833,2025-08-04,4341.14,Payment,0
834,2025-08-15,115.64,Withdrawal,0
835,2025-08-05,1157.0,Withdrawal,0
836,2025-08-29,244.56,Purchase,0
837,2025-08-09,1028.43,Withdrawal,0
838,2025-08-03,2230.36,Withdrawal,0
839,2025-08-25,2372.12,Purchase,0
840,2025-08-28,3874.05,Payment,0
841,2025-08-29,216.21,Purchase,0
842,2025-08-22,1178.34,Payment,0
843,2025-08-27,1094.75,Purchase,0
844,2025-08-23,3308.9,Purchase,0
845,2025-08-23,4932.79,Withdrawal,0
846,2025-08-25,4181.28,Withdrawal,0
847,2025-08-29,2757.14,Withdrawal,0
848,2025-08-16,1553.04,Payment,0
849,2025-08-10,1396.76,Payment,0
850,2025-08-02,4945.3,Payment,0
851,2025-08-24,3602.08,Withdrawal,0
852,2025-08-05,3872.21,Payment,0
853,2025-08-29,2975.34,Withdrawal,0
854,2025-08-29,1855.64,Purchase,0
855,2025-08-21,3035.09,Purchase,0
856,2025-08-03,1155.0,Purchase,0
857,2025-08-07,2668.83,Withdrawal,0
858,2025-08-11,2228.52,Purchase,1
859,2025-08-16,4595.29,Withdrawal,0
860,2025-08-09,1795.7,Payment,0
861,2025-08-06,3073.19,Payment,0
862,2025-08-10,2164.54,Payment,0
863,2025-08-18,3914.56,Purchase,0
864,2025-08-19,981.99,Payment,0
865,2025-08-19,1552.92,Withdrawal,0
866,2025-08-05,1691.06,Purchase,0
867,2025-08-04,2805.19,Payment,0
868,2025-08-31,453.6,Purchase,0
869,2025-08-10,1194.07,Payment,0
870,2025-08-31,595.08,Purchase,0
871,2025-08-29,593.84,Purchase,0
872,2025-08-03,1949.08,Payment,0
873,2025-08-26,4872.07,Withdrawal,0
874,2025-08-07,2504.34,Purchase,0
875,2025-08-25,1622.2,Purchase,0
876,2025-08-31,2128.11,Withdrawal,0
877,2025-08-23,1696.92,Payment,0
878,2025-08-19,1380.12,Withdrawal,0
879,2025-08-11,4397.43,Purchase,0
880,2025-08-08,4463.62,Withdrawal,0
881,2025-08-15,1281.44,Payment,0
882,2025-08-07,146.89,Withdrawal,0
883,2025-08-07,3342.73,Withdrawal,0
884,2025-08-25,2322.06,Withdrawal,0
885,2025-08-24,4066.36,Withdrawal,0
886,2025-08-13,4201.41,Purchase,0
887,2025-08-26,2769.04,Purchase,0
888,2025-08-03,3772.46,Purchase,0
889,2025-08-30,4705.36,Withdrawal,0
890,2025-08-01,4707.16,Purchase,0
891,2025-08-09,3656.69,Withdrawal,0
892,2025-08-23,1347.08,Purchase,0
893,2025-08-26,4429.53,Payment,0
894,2025-08-13,3116.2,Payment,0
895,2025-08-06,1562.63,Payment,0
896,2025-08-02,1587.14,Withdrawal,0
897,2025-08-06,900.2,Withdrawal,0
898,2025-08-16,2478.48,Purchase,1
899,2025-08-23,585.35,Payment,0
900,2025-08-12,3983.23,Purchase,0
901,2025-08-11,1758.01,Purchase,0
902,2025-08-11,2638.63,Payment,0
903,2025-08-31,2061.16,Withdrawal,0
904,2025-08-15,3077.83,Payment,0
905,2025-08-29,3812.35,Withdrawal,0
906,2025-08-26,1229.47,Withdrawal,0
907,2025-08-30,1873.82,Payment,0
908,2025-08-25,3099.72,Payment,0
909,2025-08-22,4433.46,Withdrawal,1
910,2025-08-02,2110.88,Purchase,0
911,2025-08-31,92.54,Payment,0
912,2025-08-04,4866.95,Withdrawal,0
913,2025-08-19,1403.16,Withdrawal,0
914,2025-08-04,4107.36,Payment,0
915,2025-08-17,1848.82,Purchase,0
916,2025-08-13,802.99,Purchase,0
917,2025-08-21,4155.11,Withdrawal,0
918,2025-08-22,3116.75,Payment,0
919,2025-08-14,2002.42,Withdrawal,0
920,2025-08-29,3590.23,Withdrawal,0
921,2025-08-27,3904.62,Payment,0
922,2025-08-25,33.58,Purchase,0
923,2025-08-15,2626.3,Withdrawal,0
924,2025-08-14,3750.64,Withdrawal,0
925,2025-08-10,1045.49,Withdrawal,0
926,2025-08-26,1646.29,Purchase,0
927,2025-08-18,4669.84,Withdrawal,0
928,2025-08-08,1130.74,Withdrawal,0
929,2025-08-03,350.24,Withdrawal,0
930,2025-08-06,3992.36,Payment,0
931,2025-08-18,249.02,Purchase,0
932,2025-08-12,256.24,Withdrawal,0
933,2025-08-23,3344.05,Payment,0
934,2025-08-16,1933.2,Purchase,0
935,2025-08-15,2182.75,Payment,0
936,2025-08-01,2364.04,Withdrawal,1
937,2025-08-26,825.33,Purchase,0
938,2025-08-09,3688.73,Purchase,0
939,2025-08-27,2324.75,Purchase,0
940,2025-08-25,2938.59,Payment,0
941,2025-08-24,3626.15,Purchase,0
942,2025-08-15,4632.95,Payment,0
943,2025-08-12,2733.19,Withdrawal,0
944,2025-08-13,4200.58,Withdrawal,0
945,2025-08-02,1534.85,Payment,0
946,2025-08-20,535.24,Withdrawal,1
947,2025-08-21,932.39,Withdrawal,0
948,2025-08-14,3369.52,Withdrawal,0
949,2025-08-24,1069.97,Withdrawal,0
950,2025-08-23,2593.25,Withdrawal,0
951,2025-08-11,2364.78,Purchase,1
952,2025-08-07,1026.49,Withdrawal,0
953,2025-08-16,4192.33,Payment,0
954,2025-08-28,2968.2,Purchase,0
955,2025-08-31,1353.98,Withdrawal,0
956,2025-08-21,315.24,Purchase,0
957,2025-08-13,2190.38,Withdrawal,0
958,2025-08-12,1688.72,Payment,0
959,2025-08-26,4526.68,Payment,0
960,2025-08-10,2959.75,Payment,0
961,2025-08-10,4426.43,Withdrawal,0
962,2025-08-11,1373.63,Withdrawal,0
963,2025-08-03,3117.42,Purchase,0
964,2025-08-19,1909.82,Withdrawal,0
965,2025-08-21,4511.89,Purchase,0
966,2025-08-12,4133.11,Purchase,0
967,2025-08-27,1371.34,Purchase,1
968,2025-08-01,1977.62,Purchase,0
969,2025-08-09,1677.16,Purchase,0
970,2025-08-09,2411.99,Purchase,0
971,2025-08-27,666.18,Payment,0
972,2025-08-27,2299.9,Purchase,0
973,2025-08-11,3822.78,Withdrawal,0
974,2025-08-15,2915.35,Withdrawal,0
975,2025-08-25,4664.44,Purchase,0
976,2025-08-13,4665.77,Payment,0
977,2025-08-01,1191.11,Payment,0
978,2025-08-22,3356.26,Withdrawal,1
979,2025-08-08,3722.5,Payment,0
980,2025-08-23,683.23,Withdrawal,0
981,2025-08-31,1365.86,Purchase,0
982,2025-08-10,3534.07,Withdrawal,0
983,2025-08-02,2608.89,Payment,0
984,2025-08-02,1497.13,Purchase,1
985,2025-08-09,2815.45,Payment,0
986,2025-08-23,2266.82,Payment,0
987,2025-08-28,2703.43,Payment,0
988,2025-08-15,964.42,Payment,0
989,2025-08-02,4195.99,Purchase,0
990,2025-08-25,4302.91,Payment,1
991,2025-08-01,3003.38,Purchase,0
992,2025-08-31,4758.75,Purchase,0
993,2025-08-01,3615.58,Payment,0
994,2025-08-23,2389.14,Payment,0
995,2025-08-28,2671.74,Withdrawal,0
996,2025-08-09,1149.93,Purchase,0
997,2025-08-15,2473.27,Purchase,0
998,2025-08-23,4014.12,Purchase,0
999,2025-08-04,4232.77,Purchase,0
1000,2025-08-03,1384.09,Payment,0
